,filename,label,label_predict,score,precision_5,precision_10,precision_15
0,70.txt,topic import||pagerank||directoryrank||lexic chain||web directori||semant similar||rank||score,topic||page topic||page||directori topic||page chain||web page||topic hierarchi||hierarchi topic||PR||rank page||googl topic||topic import||chain||lexic chain||web directori topic hierarchi,0.067||0.061||0.055||0.051||0.047||0.044||0.043||0.043||0.043||0.042||0.041||0.039||0.038||0.038||0.038,0.0,0.0,0.13333333333333333
1,26.txt,volum render||volum visual||visual||hardwar acceler||3D convolut||filter||convolut,convolut||convolut filter||filter||filter volum||convolut volum data||filter volum data||volum||volum data||softwar convolut filter||2D convolut filter||one-dimension convolut filter||convolut hardwar||hardwar convolut||3D convolut||data,0.05||0.049||0.049||0.044||0.04||0.039||0.039||0.035||0.034||0.034||0.033||0.032||0.032||0.03||0.03,0.4,0.2,0.2
2,115.txt,it2005 volum||it2005||inform assur||cc2005||educ||ia||pervas theme||citc-1||sigit curriculum committe||inform technolog||IA||byu curriculum||train standard,inform||inform assur||curriculum||inform assur educ||inform technolog curriculum||inform technolog||inform system||inform technolog educ||nation inform assur educ||inform assur commun||inform assur faculti||inform system secur educ||nation secur inform||inform assur divis||inform assur research,0.043||0.038||0.034||0.033||0.032||0.031||0.031||0.028||0.028||0.027||0.027||0.026||0.026||0.026||0.026,0.2,0.2,0.13333333333333333
3,12.txt,coordin transform||scene graph||graphic object||3D graphic||layout||behavior||geometr constraint||constraint satisfact||geometr layout,constraint||geometr constraint||constraint solver||constraint system||constraint object||requir constraint||constraint satisfact||euclidean constraint||nonlinear constraint||preferenti constraint||constraint strength||edit constraint||constraint program||constraint hierarchi||collinear constraint,0.106||0.073||0.062||0.06||0.059||0.057||0.057||0.057||0.056||0.055||0.055||0.055||0.055||0.055||0.054,0.2,0.2,0.13333333333333333
4,126.txt,classif||supervis learn||kernel machin||spectral kernel learn||kernel logist regress||framework||semi-supervis learn||semi-supervis kernel learn||activ learn,kernel||kernel learn||spectral kernel||semi-supervis kernel||kernel machin||unifi kernel||kernel matrix||spectral kernel learn||kernel method||semi-supervis kernel learn||kernel initi||initi kernel||kernel machin learn||target kernel||kernel align,0.157||0.111||0.095||0.092||0.091||0.087||0.085||0.085||0.083||0.083||0.083||0.083||0.082||0.082||0.082,0.2,0.3,0.2
5,123.txt,imbal||support vector machin||kernel k-mean||shrink techniqu||larg scale||trecvid||concept model||cluster||meta-algorithm||imbalanc data||larg scale data,kernel||data||kernel matrix||kernel k-mean||larg kernel matrix||larg scale kernel matrix||imbalanc data||larg scale data||approxim kernel||origin kernel matrix||matrix||scale||kernel evalu||separ data||kernel reevalu,0.043||0.034||0.033||0.032||0.027||0.026||0.024||0.024||0.023||0.023||0.023||0.023||0.022||0.022||0.022,0.2,0.3,0.2
6,173.txt,adi index structur||graph databas||frequent graph pattern||gspan algorithm||index||graph mine||edg tabl||frequent graph pattern mine||df code,graph||graph databas||graph pattern||graph mine||edg||graph pattern mine||frequent graph pattern||disk-bas graph||larg graph||label graph||disk-bas graph databas||larg graph databas||disk-bas graph pattern||frequent graph pattern mine||connect graph,0.099||0.071||0.07||0.067||0.062||0.058||0.057||0.056||0.056||0.053||0.052||0.052||0.051||0.051||0.051,0.4,0.3,0.26666666666666666
7,192.txt,domain engin||compon repositori,compon||mediat||compon domain||domain||compon inform||retriev compon||compon retriev||legisl domain mediat||softwar compon||domain ontolog||legisl mediat||compon repositori||relat compon||justic domain mediat||reusabl domain compon,0.069||0.061||0.06||0.052||0.049||0.047||0.047||0.045||0.045||0.044||0.042||0.042||0.042||0.042||0.042,0.0,0.0,0.06666666666666667
8,2.txt,person inform||incid respons plan||inform secur||risk analysi||cyber crime||human factor||inform system||secur breach||confidenti inform||privaci||manag issu||encrypt,secur||inform secur||secur breach||inform||choicepoint secur breach||secur polici||secur system||secur incid||breach||recent secur breach||secur weak||secur standard||secur hole||secur method||choicepoint secur incid,0.056||0.046||0.044||0.035||0.033||0.033||0.033||0.032||0.031||0.031||0.03||0.029||0.029||0.029||0.025,0.4,0.2,0.13333333333333333
9,29.txt,3G network||self-similar||traffic model||3G||umt||ggsn||self-similar traffic||wireless IP traffic||qo,1||1 1||2 1 1 1 1 2||1 2||2 1 2 1||2 1||2||2 2 2 2||2 2 2||3 2 1 2||12 2 1 1 1 2||2 1 4 3 1||4 3 2 1 2||4 3 2 1||0 2 2 2,0.084||0.084||0.08||0.078||0.078||0.078||0.073||0.073||0.073||0.07||0.067||0.066||0.064||0.061||0.061,0.0,0.0,0.0
10,177.txt,taxonomi||broadcast authent||sensor network,authent||messag authent||authent messag||authent key||broadcast authent||authent broadcast||messag||key||broadcast messag||authent µtesla messag||authent protocol||broadcast authent protocol||µtesla authent||authent unpredict messag||broadcast,0.063||0.056||0.056||0.054||0.051||0.051||0.05||0.045||0.044||0.044||0.043||0.042||0.041||0.039||0.038,0.2,0.1,0.06666666666666667
11,112.txt,web queri||global page||geograph local||inform retriev||local page||search engin,"queri||local queri||web queri||global queri||queri result||queri classifi||user queri||real queri||queri number||underspecifi queri||origin queri||2,477,283 queri||queri time||439 queri||379 queri",0.062||0.046||0.044||0.043||0.038||0.038||0.035||0.035||0.033||0.033||0.033||0.033||0.033||0.032||0.032,0.2,0.1,0.06666666666666667
12,150.txt,trust negoti||privaci,polici||attribut polici||object polici||ack polici||ack polici system||polici statu object||polici databas||random polici||disclos polici||actual polici||singl polici||resourc polici||secur polici||output polici||equival polici,0.093||0.068||0.064||0.063||0.053||0.051||0.05||0.05||0.05||0.049||0.048||0.048||0.048||0.047||0.047,0.0,0.0,0.0
13,59.txt,reusabl||java compon||compon search engin||coupl||intransit relat||cohes||binari quantiti||linear regress||cohes metric,coupl||measur||cohes measur||cohes||cohes metric cohes||cohes metric||metric||indirect coupl||B. measur coupl||transit coupl||direct coupl||total coupl||coupl class pair||softwar metric||altern coupl,0.044||0.038||0.034||0.03||0.03||0.03||0.03||0.029||0.028||0.027||0.027||0.025||0.023||0.023||0.023,0.4,0.3,0.2
14,163.txt,packet sampl,flow||flow size||sampl flow||flow rank||largest flow||top flow||origin flow||flow size distribut||gener flow||flow pair||larg flow||larger flow||top-10 flow||averag flow size||distant flow,0.114||0.084||0.081||0.079||0.065||0.063||0.062||0.062||0.062||0.062||0.061||0.059||0.058||0.058||0.058,0.0,0.0,0.0
15,28.txt,natur languag queri||constrain spread activ||knowledg represent model||knowledg represent||associ network||multilingu inform retriev system,activ||activ spread||inform||inform retriev||spread activ approach||inform retriev system||constrain spread activ||network||semant inform||activ model||activ level||associ network||multilingu inform retriev||multilingu inform retriev system||system,0.039||0.033||0.03||0.027||0.026||0.025||0.024||0.023||0.023||0.022||0.022||0.022||0.022||0.021||0.021,0.0,0.1,0.2
16,207.txt,fault-pron||princip compon analysi||rel code churn||multipl regress||defect densiti,churn||churn measur||defect||code churn||churn code||code churn measur||rel churn measur||defect densiti||churn loc||rel code churn||rel code churn measur||file churn||measur||churn M7||code churn predictor,0.061||0.049||0.048||0.048||0.048||0.044||0.038||0.038||0.038||0.038||0.037||0.037||0.036||0.036||0.036,0.0,0.2,0.13333333333333333
17,43.txt,pairwis accuraci||web page||pagerank||static featur||dynam rank||anchor text||frank||static rank||ranknet||search engin||popular data||relev,rank||featur||page featur||static rank||static featur||featur set||web page rank||page||web page||static rank algorithm||static rank function||featur set accuraci||set||good static rank||rank algorithm,0.056||0.053||0.048||0.048||0.047||0.044||0.043||0.043||0.037||0.035||0.035||0.035||0.034||0.034||0.033,0.4,0.3,0.2
18,183.txt,interact techniqu||3D viewer,camera||camera surfac||surfac||author camera surfac||user camera||singl camera surfac||destin camera surfac||camera viewpoint||camera surfac exit||view camera||camera view||current camera surfac||local camera surfac||multipl camera surfac||requir camera surfac,0.102||0.083||0.063||0.062||0.061||0.056||0.056||0.056||0.056||0.056||0.056||0.056||0.056||0.056||0.056,0.0,0.0,0.0
19,124.txt,hidden web||queri languag||search interfac||automat acquisit||web resourc||web interfac||learn||queri oper,queri||queri oper||queri match||web queri||probe queri||queri term||model queri||test queri||queri languag||queri string||map queri||basic queri||queri form||queri result||support queri oper,0.091||0.064||0.057||0.056||0.055||0.054||0.054||0.05||0.05||0.049||0.049||0.048||0.048||0.047||0.047,0.2,0.2,0.13333333333333333
20,137.txt,process time||averag flow time||poly-logarithm factor||multiprocessor environ||competit ratio||approxim algorithm||schedul||preemption||non-migratori algorithm||relat machin,time||process time||process||process job||job||flow time||smallest process time||total process time||small process time||interv process job||releas time||machin||time 0||dispatch time||smaller time,0.096||0.093||0.091||0.085||0.079||0.067||0.067||0.067||0.063||0.059||0.059||0.053||0.053||0.051||0.051,0.2,0.1,0.06666666666666667
21,182.txt,indian languag||audio feedback||braill,braill||indian languag||languag||indian languag text||indian languag file reader||indian languag script||indian languag font||popular indian languag||indian languag P3||braill translat||indian languag 118||braill translat system||braill code||english braill||braill emboss,0.051||0.049||0.048||0.037||0.037||0.034||0.034||0.034||0.034||0.033||0.033||0.031||0.03||0.029||0.029,0.4,0.2,0.13333333333333333
22,200.txt,surrog agent||transact agent||fault-toler agent||acid transact||transact process||mobil agent||transact||comput fault,agent||transact agent||surrog agent||object agent||manipul agent||agent commit||commit agent||mobil agent||transact agent manipul||rout agent||agent RC||transact agent commit||agent visit||committ agent||fault-toler agent,0.132||0.088||0.088||0.086||0.085||0.082||0.082||0.072||0.071||0.071||0.07||0.069||0.068||0.068||0.067,0.4,0.3,0.26666666666666666
23,159.txt,facilit answer mine||automat QA||rewrit queri||inform extract||machin learn||natur languag process||simpl passag rank||inform retriev||n-gram extract techniqu,answer||question answer||answer extract||candid answer||answer term||answer string||answer redund||snippet||correct answer||answer mine||web question answer||potenti answer||answer formul||short answer||incorrect answer,0.055||0.039||0.034||0.033||0.032||0.032||0.032||0.031||0.031||0.031||0.03||0.029||0.029||0.028||0.028,0.0,0.0,0.0
24,18.txt,reliabl deliveri||single-path forward||cluster key||robust||secur rout||packet-drop attack||malici node||neighbor watch system||legitim node,node||neighbor node||neighbor||forward node||compromis node||node compromis||next-hop node||packet-drop node||pure node||sub-watch node||legitim node||watch node||sensor node||malici node||adult node,0.116||0.096||0.076||0.068||0.068||0.068||0.068||0.068||0.066||0.064||0.064||0.063||0.063||0.063||0.063,0.0,0.0,0.13333333333333333
25,107.txt,flow analysi||set-bas analysi||macro||partial evalu||interpret||scheme||embed languag||regular express,macro||scheme macro||express||regular scheme macro||macro argument||format||format languag||languag||embed languag||macro expans||regular express languag||program languag||compil macro||syntax-rul macro||scheme,0.043||0.033||0.032||0.028||0.027||0.027||0.027||0.027||0.027||0.026||0.025||0.025||0.024||0.024||0.024,0.2,0.2,0.2
26,215.txt,dblp||cites||digit librari||focus crawler||acm||harvest,homepag||document||crawl||crawler||prioriti||focus crawl||focus crawler||author homepag||document metadata||jair document||locat homepag crawl authors' homepag||authors' homepag||desir document||focus crawler crawl web page||document databas,0.031||0.031||0.031||0.029||0.025||0.024||0.024||0.023||0.022||0.021||0.021||0.02||0.02||0.02||0.02,0.0,0.1,0.06666666666666667
27,135.txt,depend||OO program||measur||cohes,cohes||cohes measur||packag cohes||inter-subprogram cohes cohes||measur packag cohes||measur||cohes 1||measur class cohes||PG cohes||class cohes||chae cohes measur||subprogram-object cohes subprogram-object cohes||subprogram-object cohes||previou cohes measur||inter-object cohes inter-object cohes,0.089||0.07||0.067||0.062||0.062||0.052||0.052||0.051||0.051||0.051||0.049||0.049||0.049||0.049||0.048,0.2,0.2,0.13333333333333333
28,205.txt,3G||unwant traffic,network||3G network||traffic||3G||3G network network structur||3G network secur||unwant traffic||network gpr||real 3G network||IP network||functionally-complex 3G network||network configur||3G network structur||wireless network||umt network,0.042||0.036||0.032||0.029||0.029||0.025||0.025||0.025||0.025||0.024||0.024||0.024||0.024||0.024||0.024,0.2,0.2,0.13333333333333333
29,55.txt,integr constraint||inconsist databas||conjunct queri||relat databas||queri rewrit||databas schema||consist queri answer,queri||queri answer||consist queri||consist queri answer||queri rewrit||first-ord queri||ke-simpl queri||fol queri||conjunct queri||complex queri||queri head||queri bodi||rewritten queri||queri process||answer,0.083||0.063||0.06||0.054||0.054||0.049||0.048||0.048||0.047||0.046||0.044||0.043||0.043||0.043||0.043,0.4,0.3,0.2
30,38.txt,sensor network||synopsi diffus||in-network data aggreg||robust aggreg||sum aggreg||falsifi sub-aggreg attack||count aggreg||synopsi diffus aggreg framework,synopsi||aggreg||node||node local synopsi||synopsi diffus||count synopsi||local synopsi||synopsi diffus aggreg algorithm||falsifi synopsi||aggreg function||synopsi diffus aggreg framework||fuse synopsi||sensor node||node compromis||compromis node,0.066||0.057||0.055||0.045||0.045||0.041||0.04||0.04||0.039||0.039||0.039||0.038||0.038||0.038||0.038,0.2,0.1,0.13333333333333333
31,149.txt,measur||virtual environ||haptic||presenc||physiolog,physiolog||physiolog measur||measur||rate||measur presenc||presenc measur||room||physiolog reaction||report measur||presenc||physiolog stress measur||pit room||heart rate||report presenc||report behavior presenc measur,0.041||0.039||0.037||0.034||0.033||0.033||0.033||0.032||0.03||0.029||0.028||0.028||0.027||0.026||0.026,0.4,0.3,0.2
32,15.txt,mutual inform||logist regress||word boundari||multi-word term||contextu inform||statist formula||chines text segment||natur languag process||regress model,inform||word||bigram||word segment||formula||mutual inform formula||mutual inform||charact||frequenc inform||contextu inform formula||contextu inform||word 2||inform entropi formula||improv mutual inform formula||meaning word,0.053||0.051||0.044||0.041||0.039||0.038||0.038||0.036||0.035||0.035||0.033||0.033||0.031||0.031||0.031,0.0,0.1,0.13333333333333333
33,131.txt,oblivi schedul||hop||lower bound||input sequenc||limit inform||unit-s task||schedul||onlin inform||relat machin,poll||1 poll||1||1 1||schedul||poll strategi||1 machin||oblivi poll||2 poll||oblivi poll strategi||d-2 1 1||strategi||2 1||1 group||oblivi schedul,0.046||0.044||0.043||0.043||0.04||0.039||0.035||0.033||0.033||0.033||0.033||0.032||0.032||0.031||0.03,0.2,0.1,0.13333333333333333
34,81.txt,memory-resid databas||databas||dram||bank memori||query-direct scheme||queri restructur||low-pow mode||energi optim||multi-queri optim||power consumpt||energi,memori||memori bank||bank memori||memori energi||memori databas||bank||memori bank scheme||memori access||system memori||memori system||transit memori bank||bank memori architectur||memori modul||memori control||memori power,0.065||0.053||0.053||0.05||0.042||0.042||0.04||0.039||0.039||0.039||0.038||0.038||0.038||0.037||0.037,0.2,0.1,0.06666666666666667
35,5.txt,quantum comput||correct techniqu||fault toler||environ||depend system||error detect||reliabl||nanoelectron||embryon||digit devic||soft error||bio-inspir comput||querist||depend||system design||failur rate||comput system,error||1 error||flip error||comput||phase error||soft error||error correct||quantum comput||error recoveri||small error||quantum error correct||quantum gate error||error propag||error syndrom||error inject,0.064||0.041||0.04||0.04||0.037||0.036||0.035||0.035||0.035||0.035||0.034||0.034||0.033||0.033||0.033,0.0,0.2,0.13333333333333333
36,147.txt,wireless network||proxi architectur||congest control||network game||rlc configur||3G wireless network,game||network game||network||network game data||game data||wireless network||network game player||wireless||wireless interact network game||3G wireless network wireless network||interact network game||similar network game||network game client||network loss||wireless game player,0.032||0.029||0.025||0.024||0.023||0.023||0.021||0.02||0.02||0.02||0.02||0.02||0.02||0.019||0.019,0.2,0.2,0.13333333333333333
37,65.txt,scatternet format||bruijn graph||network topolog||ad hoc network||low diamet||easi updat||bluetooth,½||Ü ½||½ Ü||Ü||½ Ü ½ Ü ¾||Ü ½ Ü ¾||Ü Ñ ½||Ü Ñ ½ Ü Ñ ½||Ü Ñ ½ Ü Ñ||Ü Ü ¾||½ Ñ||node||Ü Ý ½ Ü||Ü Ñ||½ ¾,0.079||0.078||0.078||0.078||0.074||0.073||0.072||0.072||0.071||0.071||0.07||0.069||0.069||0.069||0.068,0.0,0.0,0.0
38,146.txt,web crawler||architectur||parallel crawler||parallel,page||download page||crawler||download||c-proc download page||web page||c-proc download||parallel crawler||crawler parallel||multipl c-proc download page||web crawler||c-proc||page import||page point||multipl download,0.072||0.065||0.061||0.058||0.057||0.051||0.049||0.049||0.049||0.047||0.045||0.04||0.039||0.038||0.038,0.0,0.1,0.13333333333333333
39,172.txt,tod||data aggreg||anycast,aggreg||aggreg packet||packet aggreg||packet||aggreg data||data aggreg||aggreg tree||data aggreg approach||structure-less aggreg||node||structure-less data aggreg||aggreg protocol||data aggreg protocol||effici aggreg||scalabl data aggreg,0.052||0.046||0.046||0.04||0.039||0.039||0.036||0.032||0.031||0.03||0.03||0.029||0.029||0.028||0.028,0.0,0.1,0.06666666666666667
40,198.txt,properti||reason properti||polici languag properti||access control||multipl polici languag||lithium||formal||polici decomposit||polici combin||polici||polici languag||xacml,polici||polici languag||polici combin||xacml polici||polici reason||access-control polici||polici syntax||cxacml polici||atom polici||nondeterminist polici||natural-languag polici||polici reader||polici fragment||polici firstapp||amen polici,0.1||0.07||0.065||0.054||0.054||0.054||0.053||0.053||0.053||0.053||0.052||0.052||0.051||0.051||0.051,0.6,0.3,0.2
41,7.txt,scatternet presenc fraction||round robin||inform exchang||piconet presenc fraction||traffic rate||fair share||piconet||master||schedul algorithm||scatternet||rendezv point||slave unit||hold mode||slave||master unit||time-divis multiplex||poll algorithm||gateway||fair||schedul||bluetooth,piconet||fair||gateway||piconet share||fair share||gateway G1 piconet||gateway share||gateway presenc||slave||piconet II||piconet bandwidth||virtual piconet||piconet presenc fraction||piconet capac||gateway packet,0.049||0.042||0.041||0.036||0.033||0.032||0.032||0.032||0.029||0.028||0.028||0.028||0.027||0.027||0.027,0.8,0.5,0.4
42,153.txt,remot render||3D model||secur,3D||render||3D model||3D graphic||model render||render model||3D graphic model||render imag||3D data||render 3D model exhibit||3D reconstruct||synthet 3D graphic render||3D digit||protect 3D graphic||3D model data,0.063||0.056||0.048||0.047||0.045||0.045||0.043||0.04||0.038||0.038||0.038||0.038||0.038||0.038||0.037,0.2,0.1,0.06666666666666667
43,16.txt,recurs||languag descript||program languag||comput scienc||program paradigm||freshmen||laboratori compon||formal grammar||topic||function program||curriculum,languag||program languag||program||function languag||comput languag||teach program languag||s.n. program languag||compar program languag||formal languag||languag element||imper languag||program paradigm||languag descript||languag processor||languag implement,0.084||0.073||0.063||0.054||0.051||0.05||0.049||0.049||0.049||0.048||0.046||0.046||0.045||0.045||0.044,0.2,0.1,0.2
44,27.txt,filter||person inform agent||recommend system||agent technolog,filter||filter agent||agent||inform||person inform filter||person inform agent||filter manag agent||special filter agent||person agent||adapt inform filter||inform system||inform extract agent||collabor filter||manag agent||intellig agent,0.05||0.049||0.048||0.043||0.037||0.036||0.036||0.034||0.033||0.032||0.032||0.031||0.029||0.029||0.027,0.2,0.2,0.13333333333333333
45,103.txt,trigger page||match||advertis||content-target advertis||web||imped coupl,advertis||page||ad||aak||aak strategi||strategi aak||trigger page||strategi||web page||placement advertis strategi||match ad||content-target advertis||match strategi||aak exp||advertis system,0.053||0.049||0.04||0.038||0.036||0.036||0.036||0.035||0.033||0.033||0.032||0.031||0.029||0.029||0.029,0.2,0.2,0.2
46,157.txt,superimpos inform||excerpt||conceptu model||context,mark||superimpos||mark context||mark inform||superimpos inform||context||context context||context inform||superimpos applic||inform||superimpos inform element||superimpos element||applic||context element||base inform,0.049||0.047||0.046||0.045||0.044||0.043||0.043||0.042||0.041||0.041||0.039||0.038||0.036||0.036||0.036,0.2,0.2,0.13333333333333333
47,100.txt,repetit crawl||fault toler||high avail||domino rpc concurr||domino distribut databas||breadth-first crawl||deep web crawl||erlang develop kit||domino gener server||domino node||crawl system,process||crawl process||crawl||worker process||complet crawl process||supervisor process||crawl system||erlang process||search process||stop process||process identifi||2 process||rpcc process||master process||process offer,0.041||0.038||0.036||0.029||0.028||0.027||0.025||0.025||0.024||0.022||0.022||0.022||0.022||0.021||0.021,0.0,0.1,0.06666666666666667
48,144.txt,statist quantit rule||market share rule||nonparametr method,"rule||SQ rule||signific rule||rule signific rule lh||signific SQ rule||fals rule||quantit rule||rule distribut||signific statist rule||associ rule||rule 1||multipl rule||discov rule||market share rule||10,000 rule",0.086||0.063||0.057||0.052||0.051||0.051||0.049||0.049||0.048||0.047||0.047||0.046||0.046||0.046||0.046,0.0,0.0,0.06666666666666667
49,32.txt,prefetch||oper system||web cach||system applic||aspect languag||buffer overflow||dynam weav||network protocol||arachn||binari code,aspect||aspect languag||primit aspect||express aspect||aspect express||aspect system||aspect match||sequenc aspect||aspect languag 3.4 aspect languag||express aspect languag||point||sequenti aspect||aspect programm||current aspect languag||formal aspect languag,0.045||0.032||0.028||0.027||0.027||0.027||0.027||0.026||0.026||0.024||0.023||0.023||0.023||0.022||0.022,0.2,0.1,0.06666666666666667
50,117.txt,bayesian network||associ rule||interesting||frequent itemset||background knowledg,network||attribut||bayesian network||interesting||attribut set||bayesian network BN||interest attribut||interest attribut set||network structur||frequent attribut set||itemset interesting||set||bayesian network structur||comput interesting||bayesian network depend,0.058||0.047||0.044||0.041||0.04||0.039||0.036||0.035||0.034||0.034||0.033||0.033||0.033||0.032||0.031,0.4,0.2,0.13333333333333333
51,79.txt,similar queri,shape||queri shape||shape match||match shape||shape index||similar shape||boundari shape||shape boundari||data shape||shape descript||shape featur||shape databas||databas shape||candid shape||shape irrespect,0.092||0.064||0.055||0.055||0.055||0.054||0.054||0.054||0.053||0.051||0.05||0.049||0.049||0.048||0.048,0.0,0.0,0.0
52,169.txt,cognit inform complex unit||cognit weight||weight inform count||basic control structur||cognit inform complex measur,complex||cognit complex||complex measur||cognit complex measur||inform complex measur||cognit inform complex measur||int||softwar complex||program complex||inform||softwar complex measur||cognit inform complex measur weyuk||cognit inform complex unit||modifi cognit inform complex measur||measur,0.066||0.058||0.053||0.052||0.051||0.051||0.049||0.047||0.046||0.046||0.045||0.043||0.041||0.041||0.04,0.0,0.1,0.13333333333333333
53,191.txt,fft||stencil||gemm||cell processor||spars matrix||spmv,cell||cell perform||perform||cell architectur||cell processor||cell background cell||comput perform||memori||processor perform||cell data||spe||cell pm||cell implement||perform requir||perform model,0.03||0.028||0.026||0.022||0.021||0.02||0.02||0.02||0.019||0.019||0.018||0.017||0.017||0.017||0.017,0.2,0.1,0.06666666666666667
54,13.txt,html document||support vector machin||content type||layout||tabl detect||machin learn||algorithm||inform retriev||decis tree,tabl||genuin tabl||non-genuin tabl genuin tabl||tabl ground||non-genuin tabl||tabl 1||tabl detect||tabl cell||tabl data||tabl row||leaf tabl||tabl 4||tabl understand||tabl 2||tabl tag,0.09||0.056||0.055||0.054||0.054||0.05||0.05||0.049||0.049||0.048||0.047||0.047||0.047||0.046||0.046,0.0,0.1,0.06666666666666667
55,4.txt,lab||oracl secur||cryptographi||statist databas secur||secur inform||databas system||databas secur cours||administr||xml secur||databas secur||undergradu cours||databas secur plan||data access||hands-on experi||topic||privaci issu||secur breach||assign||databas secur educ,secur||databas secur||databas||oracl secur||databas secur cours||databas secur plan||data secur||databas applic secur||statist databas secur||secur plan||databas secur topic||label secur||databas secur breach||databas secur educ||secur level,0.1||0.08||0.06||0.06||0.06||0.057||0.056||0.056||0.055||0.055||0.055||0.054||0.054||0.054||0.054,0.6,0.5,0.4
56,189.txt,averag precis||maximum entropi||evalu,entropi||maximum entropi||entropi distribut||maximum entropi distribut||precis||averag precis||maximum entropi precision-recal curv||actual averag precis||maximum entropi method||maximum entropi model||maximum entropi die distribut||maximum entropi formul||maximum entropi setup||maximum entropi probability-at-rank distribut||maximum entropi probability-at-rank curv,0.059||0.047||0.041||0.039||0.036||0.035||0.035||0.035||0.034||0.034||0.033||0.032||0.032||0.031||0.03,0.2,0.2,0.13333333333333333
57,71.txt,web servic discoveri||source-bias probe||focal term||data-intens web servic||rank,servic||web servic||servic summari||relev servic||servic discoveri||target servic||blast servic||estim servic||data servic||rank servic||sourc servic||servic sourc||ncbi servic||servic request||discov servic,0.117||0.079||0.078||0.068||0.068||0.066||0.065||0.064||0.064||0.063||0.062||0.062||0.062||0.062||0.061,0.0,0.0,0.0
58,40.txt,search||file format||inform extract||machin learn||metadata extract,titl||titl extract||extract titl||extract||titl extract method titl extract||titl _||automat titl extract||titl extract method||reliabl titl extract||success titl extract||titl inform titl inform||titl line||main titl||true titl||titl field,0.09||0.079||0.079||0.068||0.064||0.054||0.054||0.054||0.053||0.053||0.051||0.049||0.047||0.046||0.046,0.0,0.0,0.0
59,49.txt,oral histori,histori||oral histori||comput histori||oral histori interview||interview||oral histori project||histori project||comput||women histori||oral histori institut||oral histori associ||oral histori primer||oral histori directori||oral histori activ||group,0.068||0.06||0.057||0.056||0.048||0.048||0.046||0.046||0.043||0.041||0.041||0.04||0.04||0.04||0.037,0.2,0.1,0.06666666666666667
60,185.txt,tacton||tactil display,tactil display||tacton||tacton tacton||tactil devic||tactil icon||tactil messag||tactil cue||tactil present||tactil feedback||tactil puls||tactil stimuli||tactil composit||tactil paramet||tactil stimul||tactil graphic,0.034||0.028||0.028||0.028||0.027||0.026||0.026||0.026||0.025||0.025||0.025||0.025||0.025||0.024||0.024,0.4,0.2,0.13333333333333333
61,193.txt,web servic||person||subsequ execut||semant web||relax multipl ontolog,servic||servic ontolog||web servic||relax||servic provis||servic request||servic request servic provid||servic offer||servic registri||user-cent servic||gener servic||cooper servic||regist servic||servic provid||servic 1 interfac servic,0.085||0.054||0.05||0.048||0.048||0.047||0.046||0.046||0.045||0.045||0.045||0.045||0.045||0.045||0.045,0.2,0.1,0.06666666666666667
62,178.txt,gene select||classif,"gene||gene rank||gene select||inform gene||uninform gene||signific gene||gene number||rank||singl gene||gene select method||12,625 gene||1,000 gene||300 gene||7,129 gene||false-posit gene",0.089||0.068||0.057||0.051||0.051||0.051||0.049||0.048||0.046||0.046||0.046||0.046||0.046||0.045||0.045,0.2,0.1,0.06666666666666667
63,25.txt,taxonomi||dom||document object model||focus crawler||href link||reinforc learn||url||classifi||focus crawl,crawler||baselin crawler||page||baselin||baselin learner||learner||focus crawler||apprentic learner||page link||baselin crawl||relev page||apprentic||apprentic apprentic||topic||href,0.03||0.027||0.027||0.025||0.025||0.025||0.024||0.022||0.021||0.02||0.02||0.019||0.019||0.019||0.019,0.0,0.1,0.06666666666666667
64,165.txt,rank||web object||imag search,photo||photo forum||photo web forum||photo forum web||web photo forum||forum||web forum||photo search||web||duplic photo||high-qual photo||unreferenc web photo forum||total photo||score||high-qual photo search,0.074||0.066||0.061||0.061||0.061||0.057||0.055||0.054||0.052||0.047||0.046||0.046||0.046||0.044||0.042,0.0,0.0,0.0
65,17.txt,piconet||checkpoint||slave||scatternet||intens||bridg unit||total util||inter-piconet commun||threshold||schedul||bluetooth||pcss algorithm,check||check intens||checkpoint||checkpoint intens||bluetooth||bluetooth node||intens||node||schedul||decreas check intens||check intens decreas||current check intens||lower check intens||check period||algorithm bluetooth node,0.048||0.04||0.038||0.035||0.034||0.033||0.033||0.032||0.032||0.03||0.03||0.03||0.029||0.029||0.029,0.4,0.4,0.26666666666666666
66,56.txt,context-awar||scenario||usabl||media type||media object||stori board||scene||web inform system,custom||step||dialogu step||media||dialogu||wi||custom login||dialogu step specif||media object||bank wi||servic custom custom login||scene||custom type||login scene||execut step,0.021||0.02||0.019||0.019||0.019||0.018||0.017||0.016||0.016||0.016||0.015||0.015||0.015||0.014||0.014,0.0,0.1,0.13333333333333333
67,109.txt,index structur||repositori||optim||rdf||semant web||distribut architectur||queri optim||extern sourc,sourc||sourc index||index||index path||path||join index||queri path||queri||join||rdf sourc||index inform sourc||index schema path||sourc index hierarchi||distribut sourc||inform sourc,0.051||0.05||0.05||0.048||0.046||0.046||0.044||0.042||0.042||0.041||0.04||0.04||0.037||0.034||0.034,0.0,0.0,0.0
68,168.txt,insight||interact environ||explor||event||multimedia data||research event,event||research event||research||research event inform||specif research event||multimedia event||event databas||scientif research||event collector||research categori||research domain||seminar event||current research||AI research||research paper,0.075||0.073||0.071||0.059||0.05||0.049||0.042||0.041||0.039||0.038||0.038||0.038||0.037||0.037||0.037,0.4,0.2,0.13333333333333333
69,176.txt,publish-subscrib paradigm||messag servic||context servic||applic filter||design pattern||middlewar||wireless sensor network||applic servic,sensor||sensor node||sensor network||wireless sensor||node||wireless sensor network||energi sensor||specif sensor||heterogen sensor node||mobil sensor||network||sensor network meet||sensor infrastructur||sensor devic||physic sensor,0.061||0.049||0.047||0.039||0.038||0.037||0.036||0.035||0.033||0.033||0.033||0.032||0.032||0.031||0.031,0.0,0.1,0.06666666666666667
70,202.txt,gener program||type-index function||type class,type||type class||gener type||type class gener||rep type||type rep||type-index type||type class instanc||type class typerep||type gsize||type case||type structur||type int||function||type represent,0.071||0.056||0.055||0.05||0.049||0.049||0.049||0.046||0.045||0.044||0.043||0.042||0.042||0.042||0.041,0.2,0.1,0.06666666666666667
71,181.txt,architectur||hidden web||smartcrawl||html form||implement||search engin,form||form html form||html form||form field||form list||web form||form inform||search form result||form inquir||form parser||store form||form extractor||form data||encount form||post form,0.073||0.059||0.053||0.047||0.045||0.043||0.042||0.041||0.04||0.04||0.04||0.039||0.039||0.038||0.038,0.2,0.1,0.06666666666666667
72,158.txt,handoff||bluetooth-ip access system||bnep protocol,access||bluetooth||access servic||bluetooth network||servic||access IP network servic||access point||network servic||bluetooth piconet||BT||network||access system||bluetooth public access||IP servic||bluetooth servic environ,0.03||0.027||0.026||0.023||0.023||0.022||0.021||0.021||0.021||0.02||0.02||0.02||0.019||0.019||0.018,0.0,0.0,0.0
73,209.txt,busi process model||busi object||role model,busi||busi object||busi model||busi object model||object||busi process||object role||busi process model||model busi process||role||role model role||role model||model||compos busi object model||busi object model deal,0.106||0.09||0.085||0.081||0.074||0.072||0.072||0.07||0.07||0.07||0.068||0.067||0.064||0.061||0.061,0.2,0.2,0.2
74,142.txt,databas privaci||obfusc,obfusc||databas obfusc||obfusc databas||databas||obfusc databas record||databas privaci||attribut||obfusc record||databas record||obfusc databas access||queri attribut||privaci||directed-access obfusc||directed-access databas||secur obfusc,0.059||0.057||0.057||0.056||0.049||0.047||0.045||0.045||0.043||0.04||0.04||0.039||0.037||0.035||0.035,0.2,0.2,0.13333333333333333
75,84.txt,mutual inform||local||entropi||heurist||sensor select||shannon entropi||wireless sensor network||target local,sensor||sensor select||sensor locat||inform sensor||candid sensor||doa sensor||sensor observ||rang sensor||tdoa sensor||sensor view||mix sensor||unus sensor||sensor select heurist||sensor hardwar||sensor index,0.131||0.091||0.09||0.082||0.082||0.075||0.073||0.073||0.072||0.07||0.067||0.066||0.066||0.066||0.066,0.2,0.1,0.06666666666666667
76,36.txt,cluster analysi||mobil manag||neural network||self-organ map||soft handov||3G network||hierarch cluster||histogram||visual capabl||neural network algorithm||data mine,cluster||data cluster||cluster som||sho||cell||cluster method||ratio||sho failur||handov||vector||data vector||data||cluster analysi||som||failur,0.031||0.025||0.025||0.024||0.023||0.022||0.022||0.021||0.02||0.02||0.02||0.02||0.019||0.019||0.019,0.0,0.0,0.06666666666666667
77,194.txt,topic model||languag model||fring vocabulari||aac||commun rate||word predict||predict window size||core vocabulari,word||model||word predict||topic model||predict||languag model||topic languag model||fring word predict||topic||trigram model||fring word||word predict system||domain-specif word predict||baselin word predict method||bigram model,0.047||0.046||0.042||0.039||0.037||0.035||0.034||0.033||0.032||0.031||0.03||0.029||0.028||0.028||0.028,0.4,0.3,0.2
78,52.txt,pen-bas comput||sketch manipul||imag data||venn diagram||interact inform retriev system||inform retriev||inform node,draw||venn diagram||diagram||inform||draw manipul||interact venn diagram||simpl venn diagram||inform system||inform retriev||area draw||origin venn diagram||inform retriev system||user draw||interest venn diagram||uniqu venn diagram,0.053||0.05||0.045||0.045||0.041||0.038||0.037||0.037||0.037||0.035||0.034||0.034||0.034||0.033||0.033,0.2,0.2,0.13333333333333333
79,106.txt,approxim search||tlaesa,search||search algorithm||approxim search||search tree||k-nn search||10-nn search||NN search||procedur search||1-nn search||distanc||approxim search algorithm||search process||search effici||search perform||order search,0.077||0.051||0.049||0.048||0.046||0.045||0.044||0.042||0.042||0.042||0.041||0.041||0.04||0.04||0.04,0.2,0.1,0.06666666666666667
80,188.txt,databas system||databas||ansi-standard sql||sql||sql server||dual environ||oracl,sql||sql server||databas||ansi-standard sql||sql concept||sql lectur||database-specif sql||oracl sql||taught sql||sql statement||sql script||complex sql||standard sql||sql necessit||sql text,0.106||0.071||0.067||0.065||0.06||0.06||0.059||0.059||0.055||0.055||0.054||0.054||0.054||0.054||0.054,0.8,0.4,0.26666666666666666
81,167.txt,internet||gi,data||client||spatial data||data server||sand||larg spatial data||spatial||internet||access data||sand internet browser||sand server||onlin spatial data||activ client||data file||onlin data,0.035||0.031||0.029||0.026||0.026||0.024||0.023||0.023||0.022||0.022||0.022||0.021||0.021||0.021||0.02,0.0,0.1,0.06666666666666667
82,116.txt,perceptu interfac||classif||imag process||interact||machin learn||interact machin learn||crayon design process||classic machin learn,train||classifi train||classifi||classifi algorithm||train time||interact train||train exampl||gener classifi||classifi gener||classifi gener time||imag classifi||algorithm||featur select train classifi interact||time||CW algorithm train,0.044||0.044||0.043||0.035||0.035||0.032||0.031||0.031||0.031||0.029||0.029||0.028||0.027||0.026||0.026,0.0,0.0,0.0
83,48.txt,digit librari||scalabl||full text index||storag||internet archiv,file||web||web page||web librari||web data||archiv||page||internet archiv||arc file||file system||dat file||internet||web crawl||web servic||separ file,0.035||0.033||0.028||0.025||0.025||0.025||0.023||0.023||0.023||0.022||0.022||0.021||0.021||0.021||0.021,0.0,0.1,0.06666666666666667
84,33.txt,system perform||r-hierarch cluster method||r-hierarch cluster||busi websit||correl index||qualiti evalu index||qualiti synthesi evalu||cluster||evalu system,index||websit||evalu index||index system||evalu index system||busi websit||evalu||evalu system||qualiti evalu index||busi system||scientif evalu index system||websit qualiti||busi||effect index system||qualiti synthesi evalu index system,0.077||0.072||0.066||0.064||0.061||0.059||0.054||0.053||0.051||0.048||0.046||0.046||0.045||0.044||0.044,0.0,0.3,0.2
85,127.txt,low cost||screen space render||geometri data||small physic size||antialias line||render,chip||vram chip||vram||leo||triangl||render||leo draw vram||leofloat chip||commerci vram chip||sram chip||leo system||parallel chip||memori chip||support chip||dsp chip,0.024||0.023||0.021||0.021||0.021||0.019||0.017||0.016||0.016||0.016||0.015||0.015||0.015||0.015||0.015,0.0,0.1,0.06666666666666667
86,160.txt,e-commerc||pir||design||experiment||algorithm||attribut weight assign||qrre||e-commerc web databas||attribut valu||queri result rank||human factor,attribut||attribut valu||price attribut||attribut price||attribut weight||non-pric attribut||non-pric attribut valu||attribut prefer score||unspecifi attribut||unspecifi attribut valu||valu||attribut import||year attribut||attribut year||rang attribut,0.099||0.077||0.071||0.071||0.062||0.056||0.055||0.055||0.054||0.054||0.054||0.054||0.053||0.053||0.053,0.2,0.1,0.06666666666666667
87,129.txt,classif||bayesian bag||mean-squar predict error||onlin bag||bayesian bootstrap||classif tree||bootstrap||dirichlet distribut||bag,bag||bayesian bag||onlin bag||bayesian onlin bag||onlin bayesian bag||onlin bayesian bag regular onlin bag||2.1 onlin bag onlin bag||batch bag||batch bayesian bag||bayesian bag tree||ordinari bag||ordinari onlin bag||onlin bayesian bag algorithm||onlin||bayesian bag estim,0.094||0.077||0.074||0.069||0.069||0.061||0.06||0.059||0.059||0.056||0.055||0.055||0.055||0.055||0.054,0.6,0.3,0.2
88,170.txt,oper system||dynam link||embed system||virtual machin||wireless sensor network,dynam||code||code file||dynam link||system code||program code||file||machin code||modul||dynam linker||dynam load||dynam linker symbol||elf file||symbol||virtual machin code,0.036||0.033||0.029||0.028||0.027||0.026||0.026||0.026||0.025||0.025||0.024||0.024||0.024||0.024||0.023,0.2,0.1,0.06666666666666667
89,201.txt,web-bas term translat approach||cross-languag inform retriev||digit librari||term translat||context vector analysi||bilingu lexicon construct||term extract||clir servic,translat||term translat||term||translat extract||term translat method||queri term||term translat approach||term extract||term translat modul||term translat 4.4.1||term translat techniqu||chines translat||bilingu translat||translat candid||queri,0.063||0.057||0.052||0.047||0.045||0.044||0.041||0.041||0.039||0.038||0.038||0.038||0.037||0.037||0.037,0.2,0.2,0.13333333333333333
90,82.txt,spark ada||subprogram||secur||integr||bell-lapadula||spark||secur level||safeti||inform flow,flow||integr flow||secur||inform flow||integr||secur inform||inform flow analysi||secur level||secur analysi||integr level||inform||level||analysi||spark analysi||spark,0.04||0.037||0.035||0.035||0.034||0.032||0.032||0.032||0.031||0.031||0.03||0.028||0.027||0.027||0.027,0.6,0.4,0.3333333333333333
91,121.txt,topic model||nativ topic model||similar||tdt||topic track||arab||multilingu topic track||machin translat||nativ languag hypothesi,nativ||nativ topic||nativ stori||topic||nativ topic model||nativ model||stori||topic model||nativ languag topic model||stori model||nativ languag||nativ adapt||nativ english topic model||nativ languag model||languag topic model,0.066||0.063||0.06||0.06||0.057||0.056||0.055||0.053||0.051||0.05||0.049||0.049||0.048||0.048||0.046,0.2,0.2,0.13333333333333333
92,62.txt,search||html master index||autom||index||sql data type||book index||navig||primari index entri,index||index entri||master index||book index||entri||primari index entri||index primari||primari index||html index||pdf index||index file||tertiari index entri||updat index entri||singl index entri||individu index,0.148||0.117||0.094||0.088||0.086||0.085||0.084||0.084||0.082||0.081||0.08||0.08||0.08||0.079||0.079,0.4,0.3,0.2
93,214.txt,indian languag,languag||indian languag||indian languag web||languag word||encod||indian languag word||indian languag content||indian languag web content||languag correl||web||indian languag websit||10 languag||indian languag text||spoken languag||languag complex,0.051||0.039||0.036||0.032||0.031||0.031||0.03||0.029||0.028||0.028||0.028||0.028||0.027||0.027||0.027,0.2,0.1,0.06666666666666667
94,139.txt,behavior design pattern||color petri net||softwar architectur,object||concurr object||concurr object templat||object model||concurr object behavior||interfac object||algorithm object||concurr object interfac||entiti object||period concurr object||interfac object templat||connector object||uml object||object specif||specif object,0.079||0.061||0.054||0.052||0.051||0.048||0.048||0.046||0.046||0.045||0.045||0.045||0.044||0.044||0.044,0.0,0.0,0.0
95,208.txt,servic level agreement,power||traffic||power control||control||gold||silver||power control open-loop power control||transmit power control||traffic model||maximum power||5.4 power control model power control||control system silver||network traffic control||gold custom||transmit power,0.033||0.032||0.032||0.03||0.028||0.028||0.026||0.025||0.025||0.024||0.024||0.024||0.023||0.023||0.023,0.0,0.0,0.0
96,122.txt,web repositori||crawl||reconstruct||recoveri||digit preserv||cach||lazi preserv||cach resourc||search engin,resourc||web resourc||cach resourc||web||cach||cach html resourc||html resourc||websit||crawl resourc||numer web resourc||pdf resourc||recov resourc||lost resourc||miss resourc||web crawl,0.059||0.055||0.053||0.051||0.046||0.044||0.043||0.038||0.037||0.037||0.035||0.035||0.034||0.033||0.033,0.4,0.2,0.13333333333333333
97,21.txt,taxonomi||notif system||ambient inform system||peripher display||ambient display||ubiquit comput,inform||ambient inform system||system||ambient system||display inform||ambient inform display||ambient||ambient system design||system design||peripher inform system||consum ambient inform system||term ambient inform system||ambient inform system fall||ambient inform system design space||4.1 inform capac ambient inform system,0.071||0.062||0.061||0.057||0.053||0.053||0.052||0.05||0.049||0.048||0.046||0.046||0.046||0.046||0.044,0.2,0.1,0.06666666666666667
98,118.txt,simul framework||interfer||perform degrad||wpan||ieee 802.11b||offer load||hop rate||wlan||topolog||packet loss||bluetooth,packet||wlan packet||interfer packet||packet loss||packet transmiss||packet error||packet payload||802.11b packet||wlan packet error||data packet||bluetooth packet loss||bluetooth packet error||sco packet||voic packet||packet header,0.06||0.045||0.041||0.037||0.037||0.036||0.035||0.035||0.034||0.034||0.033||0.033||0.033||0.032||0.032,0.2,0.1,0.06666666666666667
99,31.txt,ensembl method||classif||biolog data||cross valid||bioinformat||machin learn||train data,learn||data||machin learn||learn method||data set||learn algorithm||classifi||biolog data||sequenc data||classif learn||learn techniqu||train data||ensembl learn||machin learn approach||learn strategi,0.045||0.039||0.033||0.029||0.028||0.027||0.026||0.025||0.025||0.025||0.024||0.024||0.024||0.023||0.023,0.2,0.2,0.2
100,76.txt,topic categori||queri traffic||queri log||log analysi||queri stream||frequenc distribut||queri log analysi,queri||queri categori||queri log||queri stream||popular queri||queri frequenc||day queri||categor queri||entertain queri||queri averag||total queri||million queri||queri cach||distinct queri||queri traffic,0.106||0.064||0.063||0.059||0.059||0.058||0.058||0.058||0.057||0.057||0.057||0.057||0.057||0.056||0.056,0.4,0.2,0.2
101,140.txt,sensor network||random key predistribut||epidemiolog||random graph,node||infect node||node compromis||compromis node||sensor node||compromis sensor node||node compromis spread||infect||node degre||node share||node probabl||node recoveri||suscept node||infect node recov||compromis,0.074||0.059||0.057||0.057||0.051||0.047||0.044||0.044||0.043||0.043||0.043||0.042||0.041||0.041||0.041,0.0,0.0,0.0
102,195.txt,hierarch hidden markov model||topic transit detect||domain knowledg||coxian||extend hierarch hidden markov model||probabilist framework||educ video,model||hierarch model||hmm||hhmm||video||durat model||hierarch hmm||level||semi-markov model||video content model||hierarch probabilist model||probabilist model||hierarch hidden markov model||model train||bottom level hmm,0.03||0.025||0.025||0.024||0.024||0.023||0.023||0.022||0.02||0.02||0.019||0.019||0.019||0.019||0.018,0.0,0.0,0.06666666666666667
103,11.txt,evalu||call-by-nam||closur convers||defunction||abstract machin||interpret,machin||abstract machin||_||abstract machin abstract||abstract||eval _||krivin abstract machin||krivin machin krivin abstract machin||cek abstract machin||run _||valu||krivin machin||cl abstract machin||monad abstract machin||categor abstract machin,0.051||0.045||0.044||0.043||0.039||0.037||0.034||0.033||0.033||0.033||0.032||0.032||0.032||0.031||0.031,0.2,0.1,0.06666666666666667
104,206.txt,rank||learn object||recommend||attent metadata,object||learn object||object similar||similar object||object partit||download object||object indegre||learn object metadata||object indegre object PR||learn object partit||object applic||creat object||object 1||object compon||object 2,0.088||0.064||0.052||0.052||0.051||0.05||0.049||0.048||0.048||0.048||0.048||0.047||0.047||0.046||0.046,0.2,0.1,0.06666666666666667
105,50.txt,sustain||key player||commun network||computer commun inform system||critic mass,inform||commun inform||commun||commun inform system||inform system||commun inform network||inform technolog||inform organ||sustain commun inform system||commun technolog||commun organ||commun inform servic||computer commun inform system||commun network||inform user,0.055||0.054||0.052||0.046||0.043||0.041||0.038||0.038||0.038||0.037||0.037||0.037||0.036||0.033||0.031,0.0,0.0,0.13333333333333333
106,166.txt,social network||inform share,social network||network||social relationship||social network inform||social network site||social network data||social network analysi||individu social network||users' social network||social network servic||social network analys||social network abstract||social interact||social relat||social role,0.085||0.073||0.071||0.069||0.059||0.059||0.058||0.058||0.058||0.057||0.057||0.057||0.05||0.05||0.05,0.2,0.1,0.06666666666666667
107,204.txt,resourc select||distribut inform retriev,document||document retriev||retriev document||sampl document||document score||central document score||databas||document list||relev document||central document curv||top document||select databas||estim central document score||central sampl databas||50 document,0.08||0.055||0.055||0.055||0.054||0.052||0.048||0.047||0.046||0.043||0.043||0.042||0.042||0.041||0.041,0.0,0.0,0.0
108,34.txt,virtual tool||visual||3D anim||3D widget||data reduct||comput graphic||3D interact,anim||3D anim||3D||interact 3D anim||interact anim||3D interact||3D comput anim||constraint||interact constraint||anim environ||interact||interact 3D graphic||perform anim||comput anim||anim model,0.043||0.04||0.037||0.035||0.035||0.032||0.029||0.029||0.028||0.027||0.026||0.025||0.025||0.025||0.024,0.2,0.2,0.13333333333333333
109,41.txt,intrus detect||sensor network||sensor node||node recoveri||distribut algorithm||secur||id||countermeasur||wireless sensor network,node||node recoveri||accus node||correct node||sensor node||node recoveri algorithm||distribut node recoveri||node id||node shutdown||malici node||correct node recoveri algorithm||specif node||node behav||monitor node||corrupt node,0.073||0.058||0.052||0.049||0.049||0.043||0.041||0.04||0.04||0.039||0.039||0.038||0.038||0.038||0.037,0.4,0.2,0.13333333333333333
110,53.txt,bytewis compress||index compress||compress||retriev effici||invert index||effici||decod||optimis||search engin,compress||compress scheme||scheme||code||integ compress scheme||compress index||index compress||bitwis compress scheme||integ compress code||compress integ||bitwis compress||invert list||bytewis compress scheme||invert index||bitwis scheme,0.041||0.04||0.038||0.035||0.034||0.034||0.034||0.033||0.033||0.033||0.031||0.03||0.03||0.03||0.029,0.2,0.2,0.2
111,211.txt,machin learn||mpeg-2||transcod||h.264,mode||mode decis||decis mode||MB mode||MB mode decis||h.264 decis mode||h.264 MB mode||code mode||decis||MB code mode||h.264 decis||macroblock mode decis||macroblock decis mode||MB||h.264 MB,0.056||0.049||0.049||0.048||0.046||0.045||0.044||0.043||0.042||0.042||0.04||0.039||0.039||0.039||0.038,0.0,0.0,0.0
112,125.txt,featur weight||cluster||dissimilar measur,algorithm||measur||cluster algorithm||cluster||dissimilar measur||svad algorithm||svad measur||data||dissimilar||measur abstract cluster algorithm||feature-weight cluster algorithm||vari dissimilar measur||svad learn algorithm||learn svad measur||variant dissimilar measur,0.047||0.045||0.044||0.041||0.04||0.037||0.036||0.036||0.034||0.034||0.03||0.029||0.029||0.028||0.028,0.4,0.2,0.13333333333333333
113,134.txt,statist||heterogen data||low-level analysi||data mine||microarray||transcript discoveri||transduct learn||genotyp||low-level microarray analysi||semi-supervis learn||increment learn||re-sequenc,express||microarray||problem||microarray express estim||express level||express analysi||microarray analysi||express detect problem||low-level microarray analysi problem||data||gene express data||low-level problem||gene express||low-level microarray analysi||express detect,0.034||0.032||0.027||0.025||0.025||0.024||0.023||0.023||0.023||0.023||0.023||0.023||0.023||0.022||0.022,0.2,0.1,0.13333333333333333
114,3.txt,substitut||formal languag||program languag||theorem prover||meta-languag||metaprl||uniform reflect framework||recurs definit||reflect||meta-syntax||metaprl theorem prover||type theori||higher-ord abstract syntax||nuprl||meta-reason,term||term term||term bterm||bterm||bterm bterm||oper||quot term||mk term||term type||type term||syntact term||well-form bterm||term approach||bterm express||mk bterm,0.048||0.048||0.045||0.042||0.042||0.04||0.035||0.032||0.032||0.032||0.031||0.029||0.029||0.029||0.029,0.0,0.0,0.0
115,44.txt,black-box reduct||malici adversari||secur comput||encrypt scheme||oblivi transfer||black-box||trapdoor permut||oblivi transfer protocol,protocol||defens||transfer protocol||oblivi transfer protocol||oblivi transfer||secur protocol||trapdoor||defens adversari||defens receiv||defens sender||malici oblivi transfer||trapdoor permut||non-trivi oblivi transfer protocol||protocol access||defens sender secur,0.048||0.047||0.045||0.043||0.04||0.038||0.037||0.037||0.035||0.035||0.034||0.033||0.033||0.033||0.032,0.4,0.2,0.2
116,210.txt,queri gener||inform agent,queri||queri gener||gener queri||queri length||queri gener filter queri||relev||queri gener method||relev document||document relev||gener||user||tfidf queri gener||document gener||boley queri gener||document,0.041||0.034||0.034||0.029||0.029||0.028||0.027||0.027||0.027||0.027||0.027||0.027||0.026||0.026||0.026,0.2,0.1,0.06666666666666667
117,105.txt,person search||user model||inform retriev system||ucair||clickthrough inform||implicit feedback||retriev accuraci,user||user model||user queri||implicit user||user inform||search||implicit user model||user action||user search context||current user model||user interact||user click||user interest||actual user||individu user,0.094||0.068||0.065||0.062||0.061||0.058||0.056||0.053||0.052||0.051||0.051||0.05||0.048||0.048||0.048,0.2,0.1,0.06666666666666667
118,141.txt,rout protocol||sensor network||adversari model,messag||messag jam||jam messag||messag msg||msg messag||rout||messag identifi||msg messag model||input messag||node||adversari node||output messag||messag delet||delet messag||adversari,0.071||0.047||0.047||0.047||0.047||0.044||0.043||0.042||0.042||0.041||0.04||0.04||0.039||0.039||0.039,0.0,0.0,0.0
119,60.txt,naiv bay classifi||support vector machin||multipl level featur system||gradient boost tree||inform gain,featur||queri featur||featur select||select featur||click featur||query-url featur||rank featur||featur rank||featur set||url featur||featur vector||featur integr||boost featur select integr featur||featur gener||urlmr featur,0.099||0.068||0.065||0.065||0.057||0.055||0.054||0.054||0.054||0.054||0.053||0.053||0.053||0.053||0.051,0.0,0.0,0.0
120,75.txt,domain-specif languag||java||languag extens||annot||meta-aspectj,languag||languag implement||class||languag extens||extens languag||aspectj languag||java languag||program languag||pool class||maj languag||languag syntax||dbconnect class||class dbconnect||java class||languag featur,0.055||0.041||0.041||0.04||0.04||0.04||0.039||0.038||0.035||0.035||0.033||0.032||0.032||0.032||0.031,0.2,0.1,0.06666666666666667
121,133.txt,sasom||ensembl classifi||classif||svm||mlp||knn||featur select||gene express profil,classifi||gene||dataset||coeffici||pearson||pearson coeffici correl||pearson correl coeffici||correl coeffici||gene express||express gene||ensembl classifi||leukemia dataset||knn pearson||leukemia cancer dataset leukemia dataset||leukemia cancer dataset,0.027||0.027||0.027||0.026||0.025||0.024||0.024||0.024||0.023||0.023||0.023||0.022||0.022||0.022||0.022,0.0,0.0,0.06666666666666667
122,39.txt,repres media||event cluster||multimedia author||imag||rich present||storyboard||high-level semant||gener storyboard,event||present event||event number||event cluster||event sequenc||event summari||event locat||event slide||inform||multipl event||event time||event paramet||event templat||event descript||relat event,0.067||0.043||0.04||0.04||0.037||0.037||0.037||0.037||0.037||0.037||0.037||0.035||0.035||0.035||0.035,0.2,0.1,0.06666666666666667
123,64.txt,authent||polyinstanti||cia||multilevel secur||databas||secur||access control||polici||privaci||infer channel||encrypt,secur||databas secur||secur databas||system secur||inform secur||secur manag||secur level||secur audit||secur polici||secur architectur||secur clearanc||multilevel secur||secur design||oper secur||databas secur book,0.078||0.058||0.058||0.047||0.047||0.044||0.043||0.043||0.041||0.041||0.041||0.041||0.04||0.04||0.04,0.2,0.1,0.13333333333333333
124,57.txt,object||reconstruct||imag||estim||symmetri||contour||occlus||recognit||object recognit,object||occlud object||object recognit||partial object||partial object recognit||occlud ellipt object||reconstruct object||object reconstruct||object area||roughly-round object||object recognit method||ellipt object||symmetr object||object pose||object detect,0.094||0.075||0.069||0.059||0.054||0.053||0.053||0.053||0.052||0.052||0.052||0.051||0.051||0.05||0.05,0.4,0.2,0.13333333333333333
125,212.txt,rate adapt,user||base-st||video||stream video||video stream||video frame||stream||user speed||video segment||base-st load||frame||mobil user||base-st transmit||user session||user playback,0.036||0.036||0.034||0.029||0.029||0.028||0.024||0.023||0.023||0.022||0.022||0.022||0.022||0.022||0.021,0.0,0.0,0.0
126,30.txt,softwar engin||adapt||mpi||collect call||commun protocol||asymmetr parallel comput||high-perform comput||load balanc,comput||parallel comput||asymmetr comput||comput time||asymmetr parallel comput||parallel||high-perform comput||adapt||comput overhead||dynam comput||comput loci||scientif comput||comput scientist||comput scienc||comput element,0.059||0.047||0.039||0.038||0.038||0.036||0.034||0.034||0.033||0.031||0.031||0.031||0.031||0.03||0.03,0.2,0.3,0.2
127,179.txt,isosurfac||contour tree||topolog simplif,contour||contour tree||tree||contour tree edg||contour tree simplif||isosurfac contour||simplifi contour tree||sweep contour||larg contour tree||contour tree size||contour tree algorithm||contour tree structur||origin contour tree||augment contour tree||contour tree cancel,0.09||0.075||0.061||0.059||0.057||0.055||0.054||0.053||0.052||0.052||0.052||0.051||0.051||0.051||0.05,0.2,0.1,0.06666666666666667
128,14.txt,architectur||inform desk||inform extract||intranet search||compon technolog||experiment||featur||definit search||metadata extract||inform retriev||expert find,search||intranet search search||intranet search||inform search||search type||relev search||search queri||homepag search||person inform search||users' search||search result||expert search||intranet search system||definit search||intranet search result,0.079||0.066||0.06||0.059||0.046||0.046||0.045||0.044||0.044||0.044||0.044||0.044||0.043||0.043||0.043,0.2,0.1,0.13333333333333333
129,58.txt,entropi||increment algorithm||cluster||data stream||categor cluster||coolcat,cluster||cluster entropi||data||data set||entropi||categor cluster||cluster size||2 cluster||set||smallest cluster||initi cluster||separ cluster||categor data||item cluster||cluster fare,0.061||0.05||0.047||0.04||0.039||0.039||0.034||0.033||0.032||0.032||0.032||0.032||0.032||0.032||0.032,0.4,0.3,0.2
130,67.txt,structur theori||interpret scheme||commun action,health||child health||health system||district health system||health facil||health servic||health worker||health care||commun health worker||child health inform system||district health inform system||health statu||public health||health card||optim health,0.068||0.045||0.045||0.038||0.037||0.037||0.037||0.036||0.035||0.035||0.035||0.034||0.034||0.034||0.034,0.0,0.0,0.0
131,83.txt,coordin||entropi||thermodynam||self-organ||pheromon||multi-ag system,pheromon||entropi||pheromon molecul||pheromon system||walker||system entropi||molecul||system||micro entropi||walker locat entropi||macro entropi||locat entropi||natur pheromon system||pheromon deposit||evapor pheromon molecul,0.042||0.039||0.036||0.036||0.035||0.035||0.031||0.03||0.03||0.029||0.027||0.026||0.026||0.026||0.026,0.4,0.2,0.13333333333333333
132,113.txt,social network site||social network theori||colleg||inform revel||privaci risk||onlin social network||onlin behavior||facebook||privaci,network||social network||profil||onlin social network profil||onlin social network||social network site||facebook network||onlin network||network site||profil inform||social network websit||social network theori||offlin social network||facebook profil||onlin profil,0.049||0.044||0.038||0.037||0.037||0.036||0.036||0.035||0.034||0.032||0.03||0.03||0.03||0.03||0.03,0.2,0.2,0.2
133,66.txt,e-commerc||statist survey||statist||survey||china||implic||statist method||e-commerc statist,statist||e-commerc statist||statist survey||e-commerc statist survey||e-commerc||e-commerc statist theori||offici e-commerc statist survey||e-commerc statist survey authorit||canadian e-commerc statist survey||statist bureau||statist depart||china statist||statist theori||tradit statist||accur statist,0.192||0.159||0.144||0.137||0.125||0.107||0.107||0.104||0.104||0.102||0.101||0.099||0.098||0.098||0.097,0.8,0.4,0.26666666666666666
134,175.txt,algorithm||sensor network||secur aggreg,aggreg||aggreg commit||aggreg tree||aggreg node||commit||commit tree||secur aggreg||aggreg secur||tree||aggreg result||aggreg algorithm||in-network aggreg||final aggreg||aggreg phase||sum aggreg,0.106||0.086||0.082||0.076||0.066||0.062||0.061||0.061||0.058||0.058||0.058||0.057||0.057||0.057||0.057,0.0,0.1,0.06666666666666667
135,130.txt,photon map||knn||aknn||acceler,photon||hash photon||hash||photon block||block hash||block hash block hash||photon map||photon data||hash tabl||nearest photon||candid photon||insert photon||group photon||photon record||photon represent,0.078||0.072||0.065||0.059||0.053||0.053||0.049||0.044||0.044||0.044||0.043||0.042||0.041||0.041||0.041,0.0,0.1,0.06666666666666667
136,145.txt,heterogen cluster-bas sensor network||network lifetim||optim||voronoi cell||cluster||optim transmiss rang||wireless sensor network,sensor||sensor node||sensor network||network sensor||basic sensor||basic sensor node||wireless sensor node||node||energi||sensor node consum||homogen sensor node||critic sensor node||basic sensor node 2||sensor compon||wireless sensor network,0.07||0.054||0.05||0.05||0.045||0.043||0.039||0.038||0.038||0.037||0.037||0.036||0.036||0.036||0.036,0.0,0.0,0.06666666666666667
137,154.txt,human-robot-interact||multi-mod person track||attent,anchor||person||robot||anchor process||multi-mod anchor||face||multi-mod anchor process||composit anchor||compon anchor||multi-mod person||face detect||detect face||composit anchor process||speech anchor||anchor framework,0.038||0.03||0.028||0.028||0.026||0.024||0.023||0.023||0.023||0.022||0.022||0.022||0.021||0.021||0.02,0.0,0.0,0.0
138,20.txt,survey||collabor||inform seek||group work||academ research||collabor inform seek,inform||inform seek||seek||collabor inform seek||collabor inform||inform seek pattern||collabor inform seek activ||inform activ||collabor inform seek practic||individu inform||inform design||inform process||inform retriev||relev inform||inform behavior,0.107||0.095||0.083||0.077||0.074||0.063||0.061||0.06||0.06||0.06||0.057||0.056||0.055||0.055||0.055,0.4,0.2,0.13333333333333333
139,68.txt,planets overlay monitor system||bayesian network||nat||network address translat||inter-a tcp failur probabl||cluster||planets||codeen traffic pattern||passiv diagnosi,connect||tcp connect||tcp||tcp connect failur||connect failur||tcp failur||tcp overlay connect failur||overlay connect||proxi tcp connect||overlay connect failur||tcp overlay||tcp connect failur probabl||fail tcp connect||tcp connect data||observ tcp connect,0.099||0.094||0.089||0.083||0.08||0.075||0.075||0.074||0.07||0.07||0.069||0.067||0.065||0.065||0.064,0.0,0.0,0.0
140,72.txt,content-bas imag retriev||mpeg-7 descriptor||distanc measur||human similar percept||visual inform retriev||mpeg-7||quantis||similar measur,distanc||distanc measur||measur||mpeg-7 distanc measur||predicate-bas distanc measur||quantit distanc measur||ik ik ik||ik||ik jk ik||jk ik jk ik||ik jk ik jk||jk ik||ik jk||jk jk ik ik||jk ik jk,0.069||0.066||0.062||0.051||0.049||0.047||0.045||0.045||0.045||0.045||0.045||0.045||0.045||0.045||0.045,0.2,0.1,0.06666666666666667
141,54.txt,integr constraint||inconsist databas||knowledg gather||conflict hypergraph||optim||relat algebra||repair||polynomi time||inconsist||denial constraint||disjunct queri||consist queri answer,queri||queri answer||consist queri answer||envelop queri||algebra queri||consist||consist answer||relat algebra queri||ground queri||membership queri||answer||free queri||first-ord queri||quantifier-fre queri||disjunct queri,0.056||0.045||0.042||0.038||0.038||0.036||0.035||0.033||0.033||0.033||0.033||0.033||0.032||0.031||0.03,0.2,0.1,0.13333333333333333
142,80.txt,queri process||relationship||rdf||semant web||semant associ||properti sequenc||isomorph,properti||properti sequenc||properti sequenc PS||sequenc||properti sequenc PS 1||schema properti||rdf||PS||join properti sequenc||PS 1||rdf schema||PS 1 PS 2||PS 2||2 PS||isomorph properti sequenc,0.047||0.042||0.04||0.037||0.036||0.036||0.035||0.035||0.031||0.03||0.03||0.03||0.029||0.029||0.029,0.2,0.2,0.13333333333333333
143,203.txt,uml||softwar engin||servic robot develop,robot||servic robot||robot system||robot navig system||servic robot system||robot softwar||servic robot softwar||navig||servic robot develop||servic||servic robot t-rot||robot t-rot||servic robot applic||robot architectur||intellig servic robot,0.056||0.045||0.04||0.038||0.038||0.037||0.035||0.035||0.034||0.033||0.033||0.033||0.032||0.032||0.032,0.0,0.1,0.06666666666666667
144,37.txt,oop||evalu||aspect orient program||aop||program paradigm||case studi,aop||aop version||aop code||aop softwar||aop approach||aop evalu||evalu aop||aop program||oop||aop implement||aop paradigm||aspect||aop solut||aop model||aop methodolog,0.059||0.041||0.04||0.038||0.037||0.037||0.037||0.037||0.036||0.035||0.034||0.033||0.032||0.032||0.031,0.2,0.2,0.13333333333333333
145,161.txt,web document||task||queri classif||IR||link inform||improv||inform||url inform||model||frequenc||url||queri,task||task queri||homepag find task||topic relev task||topic relev task queri||relev||queri||hom||QU eri||DB hom||trec-2001 topic relev task queri||homepag find task topic homepag model||trec-2000 topic relev task queri||DB||topic relev task class,0.044||0.037||0.035||0.033||0.032||0.031||0.03||0.028||0.027||0.027||0.026||0.026||0.026||0.025||0.025,0.2,0.2,0.13333333333333333
146,171.txt,sensor network||simul,debug point||point debug||debug point debug point||sensor network debug||applic debug||debug tool||softwar debug||debug facil||debug task||debug problem||situ debug||on-chip debug||event-bas debug point||advanc debug point||meaning debug point,0.052||0.052||0.052||0.042||0.039||0.038||0.038||0.037||0.036||0.036||0.036||0.036||0.035||0.035||0.035,0.0,0.0,0.0
147,136.txt,measur||law||busi process||benchmark||e-govern||public administr,servic||govern servic||e-govern servic||govern||integr govern servic||servic matur||servic level||integr servic||servic integr||commun servic||custom servic||servic sector||servic provis||transact servic||innov servic,0.051||0.041||0.036||0.032||0.03||0.03||0.029||0.029||0.029||0.028||0.028||0.028||0.027||0.027||0.027,0.0,0.0,0.0
148,77.txt,discrimin analysi||multi-class text categor||svm||text categor||gda||multi-class classif||gsvd,1||1 1 1||1 2 1||2 1||1 1 1 comput 1 1||2 1 2||1 µ||2||2 2||1 7 2 1||1 2 3||1 µ µ||classif||text classif||text,0.029||0.029||0.027||0.025||0.025||0.024||0.022||0.022||0.022||0.021||0.02||0.02||0.019||0.019||0.019,0.0,0.0,0.0
149,119.txt,evalu||text-bas display||infocanva display||graphic represent||peripher display||awar inform||ambient display,display||inform display||infocanva display||text-bas display||text-bas inform display||awar display||peripher display||ambient display||data display||web portal display||visual display||electron display||display style||display order||display size,0.079||0.057||0.052||0.051||0.046||0.045||0.045||0.044||0.043||0.043||0.042||0.042||0.041||0.041||0.041,0.4,0.4,0.26666666666666666
150,152.txt,search user interfac||usabl measur||usabl evalu||accuraci||speed,measur||search||search speed measur||speed measur||search speed||search result||speed||qualifi search speed measur||search user interfac search speed measur||normal search speed measur||search user||result||qualifi search speed||precis measur||normal speed measur,0.073||0.063||0.063||0.062||0.058||0.054||0.052||0.051||0.05||0.048||0.046||0.045||0.044||0.044||0.043,0.0,0.1,0.06666666666666667
151,74.txt,hidden web||potenti bia||keyword select||crawler||coverag||queri select||effici||deep web||adapt algorithm,web||web site||web page||queri||hidden web||hidden web site||hidden web page||hidden web crawler||web user||web site return||web content||gener hidden web||real web site||hidden web site return||site,0.069||0.052||0.051||0.05||0.049||0.045||0.044||0.041||0.038||0.038||0.036||0.036||0.036||0.036||0.036,0.2,0.1,0.06666666666666667
152,42.txt,text classif||machin learn||onlin||filter||inform gain||bayesian onlin classifi||perceptron||gaussian process,document||relev document||1||1 2||pptron||2||retriev document||text document||1 svm||bayesian onlin||onlin||train document||2 svm||test document||1 log 2 1,0.031||0.024||0.024||0.023||0.022||0.022||0.021||0.02||0.019||0.019||0.019||0.019||0.019||0.019||0.018,0.0,0.0,0.06666666666666667
153,128.txt,wireless data broadcast||data stage||data dissemin||locat depend data||index scheme||map function||access effici||index||broadcast||energi conserv,index||index scheme||index inform||major index||minor index||index base||index tree||index bucket||index ldd||exponenti index||local index||index replic||distribut index||index structur||index search,0.071||0.047||0.045||0.045||0.043||0.043||0.041||0.041||0.039||0.039||0.038||0.037||0.037||0.037||0.037,0.4,0.2,0.13333333333333333
154,132.txt,bl||inform architectur||digit librari||relat browser||machin learn||cluster||topic discoveri||document represent,"document||document cluster||cluster||document represent||document classifi||editor desk document||153 document cluster||full-text document||1279 document||65 document||10 document||5 document||92 document||15,000 document||document titl",0.053||0.044||0.034||0.031||0.031||0.03||0.029||0.029||0.029||0.028||0.028||0.028||0.028||0.028||0.028,0.4,0.2,0.13333333333333333
155,143.txt,data integr system||peer-to-p system,peer||peer schema||peer sourc||databas||peer prefer||sourc databas||peer map assert||peer agreement||system||p2p databas integr system||global databas||autonom peer||p2p system||schema||sourc schema,0.072||0.056||0.056||0.05||0.046||0.044||0.043||0.043||0.042||0.041||0.041||0.041||0.041||0.041||0.04,0.0,0.0,0.0
156,63.txt,metric||perform metric||euclidean distanc||svm||supervis learn||precis||standard deviat||squar error||lift||recal||cross entropi,metric||perform metric||rank metric||probabl metric||perform||score perform metric||error metric||threshold metric||ten perform metric||ten metric||metric space||10 perform metric||metric group||metric yield||metric pair,0.053||0.042||0.033||0.031||0.031||0.03||0.03||0.03||0.03||0.03||0.029||0.028||0.028||0.028||0.027,0.4,0.2,0.13333333333333333
157,164.txt,rank||navig queri||pagerank,graph||data graph||layer graph||object graph||sourc graph||result graph||layer graph RG||graph pagerank||result graph RG||graph objectrank||gene||web graph||layer result graph RG||gene queri||entir graph,0.056||0.041||0.04||0.039||0.038||0.037||0.033||0.032||0.032||0.032||0.031||0.03||0.03||0.029||0.029,0.0,0.0,0.0
158,51.txt,intrus detect||secur||intrus detect system||machin learn||learn algorithm||exploratori attack||target attack||caus attack||avail||indiscrimin attack,attack||learn||attack point||caus attack||target attack||integr attack||avail attack||indiscrimin attack||exploratori attack||attack strategi||specif attack||caus integr attack||caus avail attack||learn system||adversari,0.056||0.043||0.04||0.039||0.034||0.034||0.033||0.033||0.031||0.031||0.03||0.03||0.03||0.029||0.029,0.4,0.4,0.26666666666666666
159,78.txt,common word||invert index||phrase queri||nextword index||index||phrase queri evalu||stop||queri evalu,queri||index||phrase queri||queri phrase||queri word||index phrase||phrase index||nextword index||invert index||invert index invert index||queri term||queri evalu||phrase queri evalu||phrase||nextword index list,0.077||0.065||0.061||0.061||0.057||0.055||0.055||0.054||0.052||0.052||0.048||0.048||0.047||0.045||0.045,0.4,0.4,0.4
160,22.txt,web page templat||hidden web databas||inform extract||query-bas sampl||neighbour adjac tag segment||search interfac page,sampl||sampl document||document||sampl databas||document content||document databas||web||document content extract||document frequenc||web page||gener document||term||page||two-phas sampl||query-bas sampl,0.065||0.062||0.058||0.044||0.042||0.04||0.038||0.037||0.037||0.036||0.035||0.035||0.035||0.035||0.035,0.0,0.0,0.06666666666666667
161,45.txt,bia||coexist||mac schedul||interfer||wpan||wlan||qo||bluetooth,packet||wlan packet||packet transmiss||packet loss||data packet||bluetooth packet loss||dh5 packet||poll packet||packet size||dh1 packet||valu packet||peak packet||null packet||previou packet||packet length,0.059||0.04||0.04||0.038||0.034||0.034||0.033||0.033||0.032||0.032||0.031||0.031||0.031||0.031||0.03,0.0,0.0,0.0
162,174.txt,diamet proxi||gba||foku im testb||IP multimedia subsystem||gener bootstrap architectur||AP||transport layer secur||network authent function||authent proxi||tl||gener authent architectur||IP multimedia system||naf,servic||im servic||im||authent||multimedia servic||network||gener network multimedia servic||gener multimedia servic||bootstrap authent||im applic||mobil multimedia servic||network authent function||gener network||IP multimedia servic||multimedia servic authent proxi,0.026||0.026||0.026||0.026||0.025||0.024||0.023||0.022||0.022||0.021||0.021||0.02||0.02||0.02||0.02,0.0,0.0,0.06666666666666667
163,108.txt,databas updat||sequenc databas||buffer pattern||increment mine||sequenti pattern||frequent itemset||share project||revers pattern match,pattern||databas||sequenc databas||sequenc||frequent pattern||sequenti pattern||frequent sequenc||frequent sequenti pattern||sequenti pattern mine||append sequenc databas||increment frequent pattern||increment frequent pattern mine||frequent||mine||increment sequenti pattern mine,0.058||0.052||0.052||0.052||0.048||0.045||0.045||0.043||0.043||0.041||0.04||0.039||0.038||0.038||0.038,0.2,0.2,0.13333333333333333
164,23.txt,admiss control||adapt perform manag||provid revenu||packet loss probabl||price polici||qo||packet schedul,price||qo||qo measur||price polici||improv qo||qo improv||updat||usage-bas price||current price||optim price||price scheme||price propos||monitor qo measur||congestion-sensit price||higher qo,0.037||0.035||0.027||0.023||0.023||0.023||0.021||0.021||0.021||0.021||0.02||0.02||0.02||0.02||0.02,0.4,0.2,0.13333333333333333
165,110.txt,similar||measur||trajectori||distanc function||dynam time warp||index||longest common subsequ,mbr||trajectori mbr||mbr time||index mbr||trajectori||trajectori similar||similar trajectori||mbr intersect||bound||queri mbr||similar||lcss similar||multidimension mbr||mbr gener||mbr length,0.049||0.041||0.036||0.035||0.033||0.032||0.032||0.032||0.031||0.031||0.031||0.029||0.028||0.028||0.028,0.2,0.1,0.13333333333333333
166,24.txt,compon rank||weight rank algorithm||facet||rank algorithm||retriev system||match degre||compon librari,compon||compon rank||retriev||compon librari retriev||compon librari||compon retriev system||softwar compon||compon retriev result||compon facet||facet-bas compon||compon retriev techniqu||compon inform||compon summari||facet-bas compon retriev method||facet-bas compon retriev system,0.087||0.064||0.063||0.06||0.058||0.056||0.054||0.054||0.053||0.053||0.051||0.048||0.047||0.047||0.047,0.4,0.2,0.13333333333333333
167,47.txt,instant messeng||commun||awar||instant messag,display||display field||contact display field||field||contact||IM display||person display field||IM contact||display field entri||display field i.e.||contact list||IM contact list||categori||particip||IM,0.046||0.042||0.04||0.038||0.036||0.036||0.033||0.031||0.031||0.028||0.028||0.027||0.027||0.026||0.026,0.0,0.0,0.0
168,156.txt,relat databas||watermark||certif,watermark||watermark key||watermark certif||public watermark||public watermark key||watermark detect||watermark data||watermark bit||key||databas watermark||watermark relat||watermark attribut||owner watermark key||watermark scheme||watermark gener,0.13||0.102||0.091||0.076||0.075||0.075||0.074||0.074||0.074||0.073||0.073||0.073||0.072||0.071||0.07,0.2,0.1,0.06666666666666667
169,186.txt,architectur||tcp||wireless commun||network||algorithm||design,tcp||tcp ack||tcp packet loss||tcp window||tcp throughput||loss||tcp perform||tcp time||tcp congest window||ack||tcp flow||packet loss||tcp sourc||delay||tcp ack inter-arriv,0.045||0.035||0.032||0.031||0.03||0.03||0.029||0.028||0.026||0.025||0.025||0.025||0.025||0.025||0.024,0.2,0.1,0.06666666666666667
170,155.txt,e-commerc||advertis||persuas,psycholog custom||psycholog effect||psycholog custom system psycholog custom||psycholog profil||psycholog custom system||psycholog state||psycholog custom layer||psycholog consequ||softwar psycholog||desir psycholog effect||psycholog impact||psycholog mechan||psycholog custom system layer||transient psycholog effect||custom,0.041||0.037||0.035||0.032||0.032||0.031||0.03||0.03||0.028||0.028||0.028||0.028||0.026||0.026||0.025,0.0,0.0,0.0
171,111.txt,inform retriev,read||reap||model||retriev model||reap project||languag model||retriev||reap system||gener read difficulti||reap inform retriev system||languag||difficulti||improv read comprehens||document||reap project categori,0.031||0.023||0.02||0.018||0.018||0.017||0.016||0.016||0.016||0.015||0.014||0.014||0.014||0.014||0.014,0.0,0.0,0.0
172,35.txt,databas||intension test case,test||test databas||test case||databas test case||intension test||intension databas test||databas||extension test||test condit||test execut||intension databas test case||test specif||intension test case||test suit||extension test case,0.124||0.097||0.091||0.084||0.071||0.07||0.07||0.069||0.068||0.068||0.067||0.066||0.066||0.066||0.065,0.0,0.1,0.13333333333333333
173,162.txt,manag||inform integr||ridpad||inform||sparc||metaxpath||bi-level queri||hyperlink||queri||document||system,inform||superimpos inform||queri||context inform||document||ridpad inform||base inform||mark inform||superimpos document||superimpos inform element||inform element||superimpos inform model||inform model||ridpad document||bi-level queri,0.058||0.049||0.048||0.044||0.043||0.043||0.042||0.042||0.041||0.039||0.039||0.038||0.037||0.035||0.035,0.6,0.3,0.26666666666666666
174,61.txt,coverag analysi||condit probabl||bayesian network||coverag direct test gener||markov chain||dynam bayesian network||bidirect infer||function verif||coverag model,coverag||coverag direct test gener||test||coverag task||coverag model||test gener||gener||coverag node||test gener direct||test direct||coverag analysi||coverag domain||coverag case||coverag inform||coverag tool,0.058||0.039||0.039||0.037||0.037||0.037||0.034||0.034||0.033||0.033||0.032||0.032||0.031||0.03||0.03,0.4,0.2,0.2
175,19.txt,pattern recognit||motion stream||segment||data stream||similar measur||recognit||eigenvector||eigenvalu,motion||similar motion||motion stream||motion pattern||motion captur||motion data||motion recognit||motion segment||isol motion||cyberglov motion||human motion||motion matric||similar motion pattern||motion execut||gener motion,0.098||0.066||0.063||0.062||0.06||0.057||0.056||0.055||0.054||0.054||0.054||0.054||0.053||0.051||0.051,0.2,0.1,0.06666666666666667
176,120.txt,sensor network||distribut algorithm||weight split median problem||dim||data persist||energi save||kddc||ad-hoc queri||storag hot-spot,sensor||k-d tree||tree||storag sensor||sensor node||sensor address||split||sensor network||gener sensor||sensor store||owner sensor||sensor read||neighbor sensor||physic sensor||sensor ID,0.06||0.041||0.041||0.041||0.041||0.038||0.037||0.036||0.033||0.033||0.033||0.032||0.031||0.031||0.031,0.0,0.1,0.06666666666666667
177,1.txt,tool||recurs||bipartit graph||ramsey graph||distribut||block-sourc||sum-product theorem||independ sourc||dispers||entropi||random extract||structur||theorem||algorithm||subsourc||extractor,extractor||sourc extractor||sourc||block sourc extractor||2-sourc extractor||independ sourc||extractor sse||seed extractor||block sourc||2 sourc||block-sourc extractor||extractor SB||sourc time||bourgain extractor||extractor pse,0.061||0.055||0.049||0.044||0.043||0.043||0.039||0.036||0.036||0.036||0.035||0.035||0.033||0.033||0.033,0.2,0.2,0.13333333333333333
178,197.txt,ir-model||rank method||content inform||content-bas relev rank||segment||metadata||content-bas approach||video metadata||video search||relev rank,video||video shot||video inform||video search||video content||video relev||video metadata||video list||video length||index video||video url||video thumbnail||video ID||video data||entir video,0.094||0.061||0.06||0.06||0.06||0.059||0.059||0.055||0.051||0.049||0.049||0.049||0.049||0.049||0.049,0.2,0.2,0.13333333333333333
179,151.txt,gibb sampl||unsupervis learn,han _||navarro _||topic||0.0054 liu _||0.0053 raschid _||0.0053 suciu _||0.0053 toivonen _||0.0053 croft _||0.0053 jone _||0.0050 xiang _||0.0051 myllymaki _||0.0051 dewitt _||0.0054 voorhe _||0.0078 liu _||0.0091 liu _,0.042||0.042||0.038||0.031||0.03||0.03||0.03||0.03||0.03||0.03||0.03||0.03||0.03||0.03||0.03,0.0,0.0,0.0
180,46.txt,crawl||pagerank||high qualiti page||connectivity-bas metric||breadth-first search,"page||crawl page||web page||page pagerank||download page||averag page||page qualiti||score page||high-qual page||discov page||L. page||179,000 page||uncrawl page||multipl page||total page",0.075||0.053||0.053||0.052||0.049||0.046||0.044||0.043||0.041||0.04||0.04||0.039||0.039||0.039||0.039,0.0,0.0,0.0
181,213.txt,ontolog map||classif||semant web||boost||taxonomi integr,taxonomi||taxonomi integr||integr||sourc taxonomi||master taxonomi||web taxonomi integr||taxonomi integr problem||taxonomi integr task||taxonomi integr process||manual taxonomi integr||yahoo taxonomi||googl taxonomi||standard taxonomi||servic taxonomi||bookmark taxonomi,0.05||0.042||0.034||0.031||0.031||0.03||0.03||0.029||0.029||0.028||0.028||0.028||0.027||0.026||0.025,0.2,0.1,0.06666666666666667
182,85.txt,crawl||global pagerank||local search engin||node select||algorithm,pagerank||local pagerank||global pagerank||page pagerank||pagerank vector||local page||global pagerank vector||local domain||local pagerank valu||pagerank matrix||pagerank algorithm||observ local pagerank||local search domain||local matrix||global page,0.07||0.066||0.059||0.053||0.049||0.049||0.049||0.048||0.046||0.046||0.045||0.044||0.043||0.042||0.042,0.2,0.1,0.06666666666666667
183,73.txt,agenc||multi-mod interfac||feel||languag||interact||robot||essenc,aibo||robot||children aibo||robot dog||soni aibo||children||aibo behavior||aibo produc||autonom robot||feel aibo||aibo feel||mobil robot||re-start aibo||aibo eat||aibo joint,0.053||0.047||0.043||0.037||0.036||0.034||0.033||0.032||0.03||0.03||0.03||0.028||0.027||0.027||0.027,0.2,0.1,0.06666666666666667
184,114.txt,dom||document object model||segment||pagerank algorithm||text analysi||topic distil||hit||googl||hyperlink,hub||hub score||hub page||score||hub score distribut||hub author||leaf hub score||hub score data||mix hub||total hub score||hub gener||divers hub score||hub domtre||under-aggreg hub score||complet hub,0.06||0.049||0.038||0.037||0.037||0.036||0.035||0.035||0.034||0.033||0.033||0.033||0.033||0.033||0.032,0.0,0.0,0.0
185,10.txt,independ document||independ assumpt||invers document frequenc||frequency-bas term nois probabl||frequency-bas probabl||probabl theori||assumpt||inform search||inform theori||entropi||poisson distribut||normalis||probabilist retriev model||term frequenc||collect space||document frequenc||nois probabl||maxim inform signal||disjoint document,probabl||nois probabl||term nois probabl||probabl poisson||poisson probabl||poisson nois probabl||nois||poisson term nois probabl||term nois||document||term||independ term nois probabl||frequency-bas term nois probabl||independ nois probabl||frequency-bas nois probabl,0.072||0.063||0.06||0.055||0.055||0.055||0.055||0.054||0.053||0.053||0.052||0.049||0.049||0.049||0.048,0.2,0.1,0.13333333333333333
186,101.txt,3G||wig||interwork||bran,network||access network||2 network||2 access network||access||3G access network||3G network||interwork network||network oper||network decis||2 network subscrib||hiperlan radio access network||home network||access authent||wireless network,0.04||0.034||0.03||0.029||0.027||0.027||0.027||0.027||0.025||0.023||0.023||0.023||0.023||0.022||0.022,0.0,0.0,0.0
187,6.txt,properti||object-ori librari||duplic databas||program languag||callback||distribut graphic||interact graphic applic||data distribut||3D graphic||distribut process||local variat||graphic object||multi-thread program||share memori||repo-3d||data share||distribut share memori||librari||program||3D graphic applic||prototyp||replic object||distribut applic,object||graphic object||distribut object||replic object||object share||graphic||object packag||local object||object system||network object||replic object method||singl object||replic object packag||notif object||remot object,0.081||0.065||0.059||0.059||0.051||0.049||0.048||0.047||0.047||0.045||0.044||0.044||0.044||0.043||0.043,0.4,0.2,0.13333333333333333
188,199.txt,topic character||model select||topic analysi||text data stream||topic trend||dynam model select||crm||inform gain||topic emerg detect||topic structur identif||finit mixtur model,topic||topic structur||topic compon||topic emerg||topic detect||discount topic||topic track||main topic||topic trend||topic analysi||topic character||mixtur||i-th topic||mixtur model||topic gener,0.074||0.047||0.046||0.046||0.045||0.044||0.044||0.044||0.044||0.043||0.042||0.041||0.039||0.038||0.038,0.0,0.2,0.2
189,69.txt,heterogen data||xml databas||databas||metadata||nativ xml||digit asset manag||dam,xml||digit||xml databas||digit asset||asset||databas||nativ xml databas||nativ xml nativ xml databas||nativ xml||manag xml||digit asset manag||xml file||xml databas solut||xml document||xml databas techniqu,0.071||0.058||0.058||0.056||0.053||0.046||0.046||0.046||0.046||0.045||0.044||0.042||0.041||0.041||0.04,0.2,0.3,0.26666666666666666
190,148.txt,dynam phenomena||graphic hardwar||coupl map lattic||cml||simul||visual simul||reaction-diffus,simul||cml simul||hardwar cml simul||textur||simul state||graphic||simul implement||3D simul||graphic hardwar||hardwar graphic||boil simul||dynam simul||hardwar||2D simul||cml boil simul,0.044||0.034||0.032||0.03||0.029||0.029||0.029||0.028||0.028||0.028||0.028||0.027||0.027||0.027||0.026,0.2,0.2,0.13333333333333333
191,90.txt,fan-out equat||fan-out||activ time||neglect time||interact effort||multipl robot||interact time||human-robot interact||user interfac,robot||robot activ||activ robot||fan-out||robot world||multipl robot||simpl robot||robot control||robot activ time||intellig robot||robot intellig||robot team||type robot||robot type||robot simul,0.093||0.057||0.057||0.055||0.054||0.052||0.051||0.051||0.05||0.049||0.049||0.049||0.049||0.049||0.049,0.2,0.2,0.13333333333333333
192,9.txt,ior||flexibl||interoper||iiop||distribut object||corba||integr||object refer||remot object||profil manag||implement||middlewar system||extens||refer manag||middlewar||middlewar architectur,profil||object||profil manag||manag||object refer||ior profil||refer manag||ior object||corba object||corba object refer||object middlewar||profil manag implement||refer||iiop profil manag||fragment object,0.057||0.056||0.053||0.049||0.048||0.045||0.045||0.044||0.043||0.042||0.042||0.041||0.04||0.038||0.038,0.4,0.3,0.2
193,86.txt,social network||onlin commun||data mine||recommend system||commun||similar measur||collabor filter,commun||recommend commun||commun recommend||base commun||commun membership||relat commun||base commun recommend||relat commun recommend||commun similar||commun member||recommend||commun overlap||top-rank commun||larg commun||commun page,0.078||0.06||0.06||0.048||0.046||0.046||0.046||0.044||0.044||0.042||0.041||0.041||0.041||0.041||0.04,0.2,0.1,0.06666666666666667
194,87.txt,user studi||facet categori structur||search||inform search||effect||visual||brows||facet||effici||user satisfact||satisfact||user interfac||visual display||human factor,result||search result||explor result||brows result||interfac||task||search interfac||result set||filter result||search task||result item||display search result||search||result panel||navig result,0.05||0.039||0.034||0.033||0.031||0.03||0.029||0.029||0.029||0.029||0.028||0.028||0.028||0.028||0.028,0.0,0.0,0.06666666666666667
195,91.txt,string sort||sort algorithm||word-ram sort algorithm||linear time algorithm||random access||compress scheme||order-preserv compress scheme||compress ratio,compress||algorithm||sort algorithm||order-preserv compress||sort||data compress||compress data||order-preserv data compress||hu­tuck compress||compress scheme||compress text||text compress||word-ram sort algorithm||andersson sort algorithm||optim order-preserv compress,0.048||0.039||0.036||0.035||0.033||0.033||0.033||0.029||0.029||0.028||0.027||0.027||0.027||0.027||0.027,0.2,0.2,0.2
196,92.txt,video buffer||graphic||fbram||z-buffer||3D graphic||dram||dynam memori chip||vram||cach||acceler||pixel cach||frame buffer||3D graphic hardwar||render,pixel||interleav pixel||pixel render||pixel oper||pixel cach||4 pixel||pixel fill||pixel alu||1 pixel||pixel rgb||16 pixel||32 pixel||80 pixel||8 pixel||buffer,0.048||0.034||0.033||0.031||0.03||0.029||0.028||0.028||0.027||0.027||0.027||0.027||0.026||0.026||0.026,0.2,0.1,0.06666666666666667
197,99.txt,vertic handoff||wireless commun||3G||wlan||handoff trigger tabl||cellular network,handoff||proactiv handoff||vertic handoff||handoff probabl||handoff time||handoff decis||start handoff||handoff locat||handoff stage||handoff procedur||handoff algorithm||unnecessari handoff||handoff perform||handoff call||horizont handoff,0.105||0.068||0.065||0.06||0.058||0.058||0.056||0.055||0.055||0.055||0.054||0.054||0.054||0.053||0.053,0.2,0.1,0.06666666666666667
198,96.txt,taxonomi||intermedi categori||bridg classifi||categori select||queri classif||target categori||map function||kddcup 2005||match approach||similar distribut||ensembl classifi||search engin,"categori||target categori||intermedi categori||taxonomi||target taxonomi||target||intermedi taxonomi||frequent target categori||target categori structur||67 target categori||categori inform||categori select||categori expans||categori enrich||172,565 categori",0.069||0.059||0.054||0.049||0.049||0.049||0.044||0.04||0.04||0.04||0.038||0.037||0.037||0.036||0.036,0.6,0.3,0.26666666666666666
199,97.txt,evalu criteria||collabor crawl||crawl strategi||collabor crawler||geo-focu||geo-coverag||scalabl||focus crawler||anchor text||search local||geograph local||extract url||search engin||geograph entiti,crawl||crawl node||geograph||focus crawl||collabor crawl||focus crawl node||page||node||crawl strategi||gener crawl node||correct crawl node||multipl crawl node||crawl assign||gener crawl||distribut crawl,0.075||0.059||0.058||0.053||0.052||0.05||0.044||0.044||0.043||0.041||0.04||0.04||0.04||0.04||0.039,0.2,0.2,0.13333333333333333
200,8.txt,surfac voxel||slice-bas approach||local distanc field||object represent||polygon object||graphic hardwar||gpu||3D slicer||comput geometri||voxel||model||pixel shader||gpu-bas 3D slicer approach||infinitud||volumetr represent||triangl||comput graphic||distanc transform||distanc field||hausdorff distanc||surfac represent||adapt dens voxel||polygon model||opac||raster||render,voxel||voxel voxel||surfac voxel||voxel time||voxel resolut||voxel posit||sampl voxel||voxel method||2003. voxel||solid voxel||interpol voxel||stabl voxel||voxel center||voxel result||286 voxel,0.092||0.092||0.055||0.054||0.051||0.051||0.05||0.048||0.048||0.048||0.048||0.047||0.047||0.047||0.047,0.4,0.2,0.13333333333333333
201,98.txt,opengl||mobil environ||mobil phone||workload||workload character||statist||unit||embed 3D graphic||graalbench||perform||3D graphic benchmark||pipelin||acceler||embed 3D graphic architectur||benchmark||triangl||mobil devic||bottleneck||3D graphic applic||mechan||api||raster,benchmark||3D graphic benchmark||3D benchmark||3D graphic||mobil 3D graphic benchmark||tux benchmark||3D graphic benchmark suit||unit||AW benchmark||current 3D graphic benchmark||high-end 3D graphic benchmark||3D graphic workload||mobil 3D graphic||benchmark suit||textur unit,0.045||0.038||0.037||0.035||0.031||0.031||0.031||0.03||0.029||0.029||0.029||0.028||0.027||0.027||0.026,0.4,0.3,0.2
202,94.txt,automat summar||natur languag process applic||linguist featur||sentenc extract||naiv bay||text summar||statist model||natur languag process||main topic||inform retriev||decis tree||machin learn approach||summar||robust risk minim,"entiti||focus entiti||entiti recognit||entiti type||entiti annot||5 entiti||import entiti||entiti statist||entiti detect||focal entiti||7 entiti||fifti entiti||entiti distribut||18,371 entiti||entiti count",0.073||0.05||0.045||0.041||0.04||0.039||0.039||0.039||0.039||0.038||0.038||0.038||0.038||0.038||0.037,0.0,0.0,0.0
203,95.txt,stg machin||closur||oper semant||lazi evalu||haskel compil||translat scheme,machin||machin instruct||semant||stg machin||semant S3||cs||S3||istg machin||semant rule||istg machin instruct||stg-2 machin||machin stg-2||machin instruct sequenc||instruct||stg-2 machin variabl,0.039||0.031||0.03||0.03||0.028||0.027||0.027||0.025||0.025||0.024||0.024||0.024||0.024||0.023||0.022,0.2,0.1,0.06666666666666667
204,88.txt,inform search||thread||event||cluster||event thread||depend||nearest parent model,µ||event||Ú µ||event Ú||Ù µ||Ù Ú µ||Ú µ Ù Ú||Ú||µ ¾||¾ µ||event Ù||Ú µ Ø||Ú ¾ Ú||event model||µ ¼,0.06||0.054||0.053||0.049||0.047||0.047||0.046||0.045||0.045||0.045||0.044||0.04||0.04||0.04||0.039,0.2,0.1,0.06666666666666667
205,89.txt,kernel||support vector machin||svm||machin learn||hybrid mutat||statist learn theori||evolutionari comput||evolut strategi,optim||optim problem||function||problem||kernel function||optim vector||dual optim problem||larg margin optim problem||risk function||origin optim problem||constrain optim problem||larg margin optim||final optim problem||kernel||optim solut,0.046||0.04||0.035||0.033||0.031||0.03||0.029||0.028||0.028||0.028||0.027||0.027||0.027||0.026||0.026,0.0,0.0,0.06666666666666667
